--
-- PostgreSQL database dump
--

-- Dumped from database version 13.5 (Ubuntu 13.5-2.pgdg20.04+1)
-- Dumped by pg_dump version 13.1

SET statement_timeout = 0;
SET lock_timeout = 0;
SET idle_in_transaction_session_timeout = 0;
SET client_encoding = 'UTF8';
SET standard_conforming_strings = on;
SELECT pg_catalog.set_config('search_path', '', false);
SET check_function_bodies = false;
SET xmloption = content;
SET client_min_messages = warning;
SET row_security = off;

SET default_tablespace = '';

SET default_table_access_method = heap;

--
-- Name: exam; Type: TABLE; Schema: public; Owner: bmnpnjnrkaiuom
--

CREATE TABLE "public"."exam" (
    "examid" bigint NOT NULL,
    "datestart" timestamp without time zone NOT NULL,
    "description" character varying(5000) NOT NULL,
    "duration" time without time zone,
    "maxscore" integer NOT NULL,
    "title" character varying(100) NOT NULL,
    "trophy" "bytea",
    "virtualflag" boolean,
    "userid" bigint,
    "virtualexamid" bigint
);


ALTER TABLE public.exam OWNER TO bmnpnjnrkaiuom;

--
-- Name: hibernate_sequence; Type: SEQUENCE; Schema: public; Owner: bmnpnjnrkaiuom
--

CREATE SEQUENCE "public"."hibernate_sequence"
    START WITH 1
    INCREMENT BY 1
    NO MINVALUE
    NO MAXVALUE
    CACHE 1;


ALTER TABLE public.hibernate_sequence OWNER TO bmnpnjnrkaiuom;

--
-- Name: inexam; Type: TABLE; Schema: public; Owner: bmnpnjnrkaiuom
--

CREATE TABLE "public"."inexam" (
    "examid" bigint NOT NULL,
    "taskid" bigint NOT NULL,
    "taskno" integer NOT NULL
);


ALTER TABLE public.inexam OWNER TO bmnpnjnrkaiuom;

--
-- Name: participating; Type: TABLE; Schema: public; Owner: bmnpnjnrkaiuom
--

CREATE TABLE "public"."participating" (
    "examid" bigint NOT NULL,
    "userid" bigint NOT NULL
);


ALTER TABLE public.participating OWNER TO bmnpnjnrkaiuom;

--
-- Name: score; Type: TABLE; Schema: public; Owner: bmnpnjnrkaiuom
--

CREATE TABLE "public"."score" (
    "scoreid" bigint NOT NULL,
    "answer" "bytea",
    "averagetime" integer NOT NULL,
    "score" integer NOT NULL,
    "userid" bigint,
    "examid" bigint,
    "taskid" bigint
);


ALTER TABLE public.score OWNER TO bmnpnjnrkaiuom;

--
-- Name: task; Type: TABLE; Schema: public; Owner: bmnpnjnrkaiuom
--

CREATE TABLE "public"."task" (
    "taskid" bigint NOT NULL,
    "description" character varying(5000) NOT NULL,
    "mscore" integer NOT NULL,
    "privatetask" boolean NOT NULL,
    "timethreshold" integer NOT NULL,
    "title" character varying(100) NOT NULL,
    "userid" bigint
);


ALTER TABLE public.task OWNER TO bmnpnjnrkaiuom;

--
-- Name: testcase; Type: TABLE; Schema: public; Owner: bmnpnjnrkaiuom
--

CREATE TABLE "public"."testcase" (
    "testid" bigint NOT NULL,
    "input" character varying(255) NOT NULL,
    "output" character varying(255) NOT NULL,
    "taskid" bigint
);


ALTER TABLE public.testcase OWNER TO bmnpnjnrkaiuom;

--
-- Name: users; Type: TABLE; Schema: public; Owner: bmnpnjnrkaiuom
--

CREATE TABLE "public"."users" (
    "userid" bigint NOT NULL,
    "accounttype" integer,
    "email" character varying(128) NOT NULL,
    "enabled" boolean NOT NULL,
    "name" character varying(128) NOT NULL,
    "password" character varying(128) NOT NULL,
    "photo" "bytea",
    "surname" character varying(128) NOT NULL,
    "username" character varying(36) NOT NULL,
    "verification_code" character varying(255)
);


ALTER TABLE public.users OWNER TO bmnpnjnrkaiuom;

--
-- Data for Name: exam; Type: TABLE DATA; Schema: public; Owner: bmnpnjnrkaiuom
--

COPY "public"."exam" ("examid", "datestart", "description", "duration", "maxscore", "title", "trophy", "virtualflag", "userid", "virtualexamid") FROM stdin;
398	2022-01-14 09:00:00	asdf	01:00:00	3	Testno natjecanje	\\xffd8ffe000104a46494600010100000100010000ffdb0084000a0708161615181616151819181a18181a1a1c1a1c1f1f1e1c1a1c1a1a1a181a181c1c212e251c1e2b1f18182638262b2f313535351a243b403b343f2e343531010c0c0c100f101e12121f342b242b3434343634343434343434343434343434343434343434343434343434343434343434343434343434343434343434343434ffc000110800b7011303012200021101031101ffc4001c0000010501010100000000000000000000020001030405060708ffc4004010000102030504070702050305010000000100020311210412314151056171911381a1b1c1d1f0142232425262e10692157282a2f107b2c2163343535444ffc4001a010003010101010000000000000000000000010203040506ffc40030110002010303030204050501000000000000010203111204213113415122a1146191f005425271b13281c1e1f115ffda000c03010002110311003f00e89d6f8cfc1ce32ae3a6aba2d8bb68bc00f907015244a6678cf0c171a0cb04ed790660d57bb574d19c6d64bc1e353af28bb9e9c220a57155e3173482d6b4b7302878e8782e1ac3b55d0e74bd59804d01d53daf6c3dee0e906ca9427b6ab8568669dbb1d6f5716be6766cda4c999d2b23a83a10acb2d4d321394f09e7c1700edaa6f5e0d194c9c79852dbb6d0716dd69176b8e7d4a9e864da4816ad24761b47673227bc5bef0c08c7f2b0a2d9aecdbf2fcd2cc7058d0ff50c70e9974c68704ad9b71cf21cdf775cd6b4f4b5a1e97ba339d7a72dc84d9435d39b5cdf59226595ce93aefbb300ce749e6a9c4b53899d279a266d078a075345dce13b7cce7ca2345f75c5a7224724c22281d126667129af2d9476dccf22db6d0a616a191e2b3efa36ba5a297045a9b34d96a6e655986e1298f158ed7cf452b2211839652a7e0d233365b680351cd6ad8b6a8c0cc2e6d91cfd4acc38e7391df25cd528a92dcda333ab258ea8239c94368b24c4c02785562c288e9d15a836a7373355cae94a3fd2cd54932c0b14f2238aad69d999e0755745bb538ab822070a48d14e738bb85a2ce56ac329150daa331e24ec466b76dcc1a517396db28266d2bb68ca33777b3329a68c5da16270ae2350b1ded21744d8d2375c699d151da76568f79ae982bd4a555a78c8e2a914d5d192c790679ef5d47e9f810dc6ae861c48acc026584877ae608498d248031dde0b5ad4fa91b27633a73c1f173a4db3b562c279861e2ed7e159f66dace04549ae64e3bd65449ceb3eb4014c34d050b5bfd952af272b9e870bf51bdccc1b31889eb82a36adbb1c8f871c2eccf05cb596d27e11213c4934f5b9749b19a03812f6bb494c6598948ae1a9a7852bbc51d50ad29ed713b6bda834b8b081acb0cabbd76fb0887c36ba45a480657a7d7359d68890e4d91baea03395750b76c70c5d18eabcbd4d4528ab46c75d3834f7772ddd49124b82e74d91e5e5aad4c485e874936a048fc35a83ac8f5a8aea9db697094a5412cf2006b4a0182f7e777c1e2c6c88af433217654c6b8cf1a3b0dd5d298a77745370b8697a54390244c5e9a236974e721394b3fa83b5afc228985addbb3d733339a9c65f6c778fda232f873ab0e2d94a7800273ae38a8a0b9a316ceb33ee83300547bc6831aa95b697024c856ee33f9448673c354f12d6e208205411498c411ae85528cb8b7b85d7da22616484a1b8b84a7891889fcdca7aa8dee873175a47bd9d692c2a4ccceb2dca736d7eecbb2b3c75aa16da9cdc854b899ccfc41a0d27f6e38a6a32fb6178fda226476d45c9ce55bad07e1209dd52de499ee8441bac7033153390149d03ab8a336c7eb9cf397c37709e9dc93adcf91126d78f7cfb71558cafb2f715d79f62b0782dba1a66264990c2739cf1c29a2962478641f708a970a613a9142282a009d133ad8ebc1d3a83318fdbbfed09bdb9f91196b5919d6bd982ac64fb7b92a497fc0818752613e58d27407e1adead01fce281d686fba03652a13771243ab224cea4191d253430edae68004a800c32024275cabfb8a76db9e34d2b7b02664635ebf128c25f6c79afb44b0a2b0d4b4902579d748026ec486ba4260480a678e49b6a87f49f5fd5c784f3c540fb6b882d329194c572c33a654c156551a57bdeff005139db8fe0d436a847e4343c29be4ec7d5314a14613f74b9beb05961c8db113e8a5c14aaf93a6b3db46a27c15d6c76991321d6b9465a95fb35bc05cd534fdd1bc2aa67422cf7aa2bd61578d687437663ba49ecd198e190f5b95874204198738719ae3e1da46fcad88fdb98f02b2766322b2eded070c776695b2c4dc5ae96e9d7b567c52f6ce735d34a9c798b339c9f7467da1e419382aae8ba61a2b5688a4e2b3e2357a74d6db9c5395b80ae34b4ce8723bf492acd25a6631464241c42d92b18b95c8e2bcbb1027ae678a8a4a635425aad6c437b810cc88320771c16eecedaac63af168ad48ac81dd2a4ba9625d4a4a2a538d4569170a8e1c1ea5b2f6a595ec683701227771cf55b8cb5325ee912dcbc5ecd1031c09048dc64b62c5fa81f0fe1a8d1ddebc7adf8636ef06dfee7a14f5aadea3d30dbc7d2525c1ffd5aed125cff00f9d53c7b9afc543c9396a12d564375134058ba948e3b1049316ab2211351928cb13c82c41710398ac96a62c54a4162adc52b6c2f2090d7480bc6996aa46b2b5a76ab765b7448666d70968463c54ca724bd3cfcca8c63f98a90f6446736f086e22539ea370352a8ba1c8906846335d3c4fd431452e342cdb76d274495e6b66330d13e6a29d4acdfa92b1528534bd2ddca367d9911e406b1d5ce465d664a4da5b0e24100ba45a6930675d0cd5ab3ed88ccc1c48d0d42bb1f6eb6243b911a6b2999f8044aa57524d256f9028d2717bbb9ca16212d5a368b3815699b72e1bd562c5d919a68c1c6c562d4c429cb10962b5226c404269298b135d5571588a489a114920117043b5e46055a816e88d330e3cd45060de329b46f7190eb285f0c859cb196ccd22e4b746b42db24caf35a77e055d88e8311b4748e85734094c629c162f4c9bbc7634559fe6dcb56f80e6e029cd643e79ab8eb43b099928223a6ba69a715b984da7c15484d25316a6bab7b98914935d535d4aea3215882ea5754f7535d4f20b10dd4e1aa52d4aea320b11c9252dc292590ec76c5897444e00ab05895d2bc3ccefc4add1385644212c2afc3791bf8ad285198e12730752ce555c7b5cb8c14bb9ce3a650162eb858a03b068e6428e26c361c090a56ae3c34d1a3d34b956672924d757491360e8eec59b68d9ae6ce6da6ab68ea212e1994a8ca3ca33d8fba41c771f544a3c50eadd00fa975a37310162d55af7237b58ac5880b1592c425ab45226c46d6b834b81a03235f0cd42f1333564b1096269ee0d14cb10962b65886e2b522712a96212c5704124d2aadc4d985b29826601a4f3d262a93ab18f2354dbe0c62c43716b8d96f713758e32dc7c900d95149204374c63ee9475e1e5074a5e0cf2e32948719579a13356e2595cd327020e8411de80c22ad4e3d89716471a2074a4dbb212559cc56cc2281d0caa8b4b8134df2552c4261ab25895c579938953a34ed853200c4d15f836669f89d774a4c75d5749b2b63d90804bcb8894e6643b32e2b1aba954d6f7fec8d29d0727d8a960fd18e700e7c40016822e8999913ace945337f4319d6389652657fdcba9b3dba11a35c24298a98da9b5f781964bc796b75377bfb1e8c74d42dc7b9e7d6ff00d231e189b65107db3bdfb4f812b22d9b3e242706c469692262798dc462bd1a27ea086d75d7073779144368b54388d2d258f69c8c8aeaa7adaf1b66ae8e79e9693be2cf32b895c5b3b436706125a693a0390e2a818442f52155495d1c32a6e2eccab713ab3d1a4af22313b72d4258a72d4c5abc2b9e8d886ea6014a5a84b53b812418f7732b520ed169a132deb18b532ce74e32348d494783a3f686ca739aceb7456bbe59f198545b1c8c27cd13ad44e239d5671a38bba34955c9599463c2030238280b55a7d5445abb62f6395a202d4258ac16a1baad485895cb10962b05a98b53520b03d0b4b661c6f0f948a751558b1592d4d7509dbb8340c0885a44b5aadbd9f6bf7839ce24dd70bbae62873e0b164900457451529a9a2e12713bb63a601d51ae5ec1b64b049c0b8652cb9abc76fb326bbb02f365a7a89d923ba35a0d6ecd4b4416bda5a44c1042e42d7b2c86cdb5207bc378cc792d78bb74112bae13c70a2c875b8874c1a68ba34f0a91b98d594246600ed0f251c4995bf67b602e129838e1e4b4859e1460096c8818818ae996a707ea462a8e4b6671261ab160b018af0c0409e6701427c16f3b625d359906722da4b49ce6af6c70c833617824ba60e4694ca9cd15356b178722850f52cb8299fd3e2135ce987d3de05b2a672aac3881b835ad18effda715e88b236aecf6b817800380cb3fcae5a3aa797af73a2a50497a4c4d85b2a1be77e7333ba012254c699add66c2840822f09097c46bc552d94e2c3819672f19ae818f044c28d4549e6da6ec5518471dd6e679d8703364f8b9de6999b0e0b6ad6dd3a8278e6569a4b0eacfcb36e9c7c1936cd8ad898996f004fb42cf3fa4992ffb8e9e5412e4ba62a0747d15c6bd54ad16672a54fba3878db1aeb8b6786e4974f15f327049762d555397a10232c43755830d3162c320b15cb53162b05884b13c831202c4258ac5c4c5aab20b154b10962b45a84b13530c4aa5884b15b2c4dd170559862532c4258b499622ec0b785eaa33b2ddf6f3475a2bb8fa727d8c82c48b16a8d94fdc3ad23b21d29cc709fe11d78790e94bc1905a9dee9ca8da6825ce58ab512cae69916f2af7284b168a49ee4e2d15cb50962b2588a1c073be1693c02acd2162ca77135d5a2ed9cf0265aa37d91c3e53d55ee49558bee3706bb14c12ac32d0d949d0da77cc84371136cce26404ce18a72717c82525c06c8f0c19f46e1bc3bf0ad42b5c294af446cfae5d60a666c874af39c1a272d4f629226c277cae691be87c573ca549f3235519aec4c2dd0c8974ce1d4556896463ea2277285db2a28f93b41ee430f66c43834f303bca14611dd4bf806e4f668b2f646a8110384a522e1d9350f411c0ba0191d083dcaac582e699381042717fee90e2ad476d9afa12e5fb93c388e6ba4e04715a106d976a0acbf6a74a46478a1118e810e9e5ca053b707490f69b4e208446dba4973263b910b43e529d164f4cbb17d666f45b4b8d011c5336cef38b96088ee19ab10b683db9f6a1d1697a6c0aaa6f734fd81df577f924aaff001b77d2929c2a8f2a61bf6a421f313c01f15044db0cc98e3c643c566b8fda39a8cc496417c8cbf17d44b8b22b145e7eda764c038ba7dc02aeedb114e0d68fe927c4aaaf8e75080c477a9f92cdfe21a99732ff0003c513bb68c739cbfa078a85f6cb47d67937c944e79edd0f9a073cefe5e68f8baeff003bfa8f1448eb4da7ff0061fedf250be35a3ff73b9842621de7928c91af553d669ad4d7fd4fea18a13e3da3ff007bbf7150be25a3ff00a1e3fadc89ed397685190777ae0a96a2b7ea7f5162039f68ff00e97f53dc87a7b40fff0043ff0077994ee15f5e2105d9ce869a01de15ad456f2fea16251b46d6dc2d0ffed3de13ff001fb737ff00313c5acf00ab119d47579a020e44772b5a9aabbb02777ea8b603325a77961f021333f585a5bf243fdae1ff00255c35da83c90964f29ada3aeaabb8591a6cfd7f1c53a369e0ef3053c2fd76419982e0756b81ff008858b16cccfa7b142eb234e1e0b68ebea2efec0d1d643ff5059f33628ea69ff92b70ff005f40948ba5fcd0dc7fdb35c13ec272ed1e4a07591c320b68ebdf74985be67a3bbf54d99e3feeb04f5bcdff0070a296cfb521120b23432468f69f15e5eeb31d144eb28f416f1fc45ad9a4438dfb9edb036b53e16bb81ff2acc1b738d1aceda76af06f65d08e4a5871a333e08af6ff002bdc3b8a3e329bfcbee5ac9773e819388a868eb27c142cb2bc19f493dc672efa2f1085fa8adcdf86d517adc5dfee9ab70ff5c6d06ffe7bdfccc61ee6a4b5112ee8f65735e716b67fcc70e4abbed6f06e9637490ad1798c3ff526dad127360bb8b1c0f63e5d8ae59ffd4d78337d981d6ec42dec2c3deb48d787713f933b98d65be6f086456b290ec9a90d81824d94891899d172d0bfd5082657a0c56ff2dc777b9bdcaf59ff00d40b0b882e74469fba193cee5e5aad46dc8b189d240d970db39c9d3d72e089bb361094c0eb2647aa6b3217eafb038cc5a618fe79b3fde02d085b56ccf1264684e1f6bda7b8a5d493eecac62bb225b4c086e1220711423ad5766cf8231af127c24acb5f0cd6f4fafc942e6c2c9c41e26bcd5c5b4ad762714f7d81fe1d0753cd24fd3b3eee692abcfcb1631f08e345a99f5f67ade9cda064f9752c76c561c1dca47b09525f97f803b8c8af8674d01a862fdfdc98456cf11e7e2a8b6d54cfbab8e382336afb4faea538b02ddf070777262f1a8556f8d0f3fc25d2cbeaf5d485102721baf721731baf67e1422283af313ecf24ba61a3e5d5e0ad5c093a36efe41106335ea97250ba2cf276184c7927be726bbafd04eec097a16e8503e00d1c983ce70cf3f34f7da7e5239f8232600741a03cfcd27c03a3b9f8292e195003eb7a0339e49a937dc085f0068eeb979a17c0d272f5bd5863e59f39629cb4ca779b8e374cbb24a936bb814dd0cd71ec5186027f03557c039b8750961c67a222d9fcc25fca0f851529b40673a16ee43f2101863e970edf12b41ccfe53d5241d170e5e6a94d88cf7d9699fedf092862594c8fbbfdbe216aba170fda99f05d2c41e2daaa555a1980fb2ead3d41c142eb26f3daba07c027e9ea0478a89d67d4f2fc95aaac2b9806cba490180745d0be00d798f19a862d9c6e3fd3f954ab85cc1743dca230c2dff671e849236407256abd82e73c610f5340e83bbb16fbec3f6bbb3c540fd9e7e9ec0ae35d01865850ba16a3b16cbac073691eb7050bb67fa9fe168ab2033a1c47b3e173dbfca48ee2a565be2b6404578919817cc81d409ab2eb09dea3758f7f615a46bdb8604bff00505abffa62fef3e69283d91257f112f2c2ecd8f6bdc7ae454acb6fda25bbd5561b6d95ad71c437cd11b50fcd3c179ee8a19d07b6138191f59512318cea477773973ded27ea9f1c79c937b56f97729e878158e95b10818d78f92216c233f1ee0b9b75a7af85eee1c5332d55a9776f8a5f0f7e46750db7139f220e3b88442d63371e145cdba38c813c403de9d9686fddc879287a74074ded03ebe724222fde24b9e6da80c013cf25236d8456a39a5d0037c4471cc7ade844677aff002b0db6e398e7f945eddb9bfdde012e83f02b1b7ed194bae88991a784f82c2f6de1dbe213fb6688e8303a1e95bbd23101189e7f9585ed84689fdbddb94f46406e87ef3d878e651076ee60f92c01b44ce80f3f34ff00c45fa1dff0cbbd3e9480de2e9e439fe10deae2075894f3cd621da7ab87679a906d13a9e5a23a52036984ead067a79609e52cdbcfd6ab1db6f9e44e190de8bdb9b3c073f2aa974d81af79b8170e60a79b7eae4b2c5ac0f47ad39b71d27cbc52c181a7eeebde88866fe6b28ed022a3d76a2fe24ec2f4b77a08c240681b3374281d651f42a46dae3f367b931b4bbea354632f23d8baeb2e80e0a37413a76054cc576a7979a263ddbcf19278b026742e1d8a3742dfeba827682721cca96ebb509dec0547b07f89a85f0b77779ad0e88ebcbf29cc1fbbc7b9529d856666741b932d1e837f7a655d40b33ce4c73314eef344d8a749f2f359d0ed0f33a7ae4a56c67d240faea5edf44d3165f6c43a7ae4918c741eaba2a04c53834f583e488c28df48d6bbb89921d18ae5afa8f145fe9787aea4c6276fad1541023e835a9097b3469ce6df5fe14611f2bea18a2d97bb3208d3fca3644afaf255059631c5edd68335343b2c4008be2673929718f942c579260ede8d8e968a16d9a26713fb7f289f6679c2211d5e654350f28315e4984429ef1dfcd46db3bb388e3d40291904fd6fecfcacda8f926c217a7477f72926eca49ba3fb9fcfc822911f33facfe12760b0bdfa542717b323927073bcfcfe6e7926c7e77fee977242b0609ddeb823b8e97cbfb4f8a843e53f7df9e2e25374b3f9ddfb8f704b10b175ac74a9ebb51086ecc767e5670c7e276bf139189d05f7fee4b0f981a327f57ade8c4ce35eb2b35c0d4873cff51a724980d04dd8e6e279ce7453806c6bb21eeaf595206cbe53c963979ce674f79d2eb979e885b11c33cb324eb5d54f4c7b1b721f4d7ad1b48191e6573f7ccc9bc7f714ee74fde3390c0cce7be78e3c93e97cc3637c441904e22f0edf3a2e744bea333f71f3a62803db5ab8ff0053bb05ee09f41790ba3a9e9f825ed4069d5fe572d7c0c071a9e3aa7e9ccb0ca7f11f5825d05e42e8ea4db40159faeb426de342b97116788acb39f54894ec88262f36586432f147c3a1dd1d13b6a30099321be487f8cb0fccdfdc3cd603881200003e6240950d0d31a21bf5addc44c8cc6e981daa950801bbfc761fd4dfdcdf34973fd21fa872292ae85315d10b18fc30e5e4a474270acf1f394e678290b8d2529d7f1e298b8ea3d772b72103d13b5d32e091b39a8999f0a7722693af622a9cca5900cd8041aba627953c11361bb33312a6e19567bd33da7543741a9af3464048217dc98dd02ae6f1a6ee484c212c29c394f9a7e884b04b240374ac383b2c40cba82731dbf719ee26b5ddacd100130213ba02211c64c7f2fca211a80dd74b4a4fbe888007092790d3b5192f00318980ba72cc4bb7040e88ec998eae977046e78cabe08af8a532a2595bb00048ad3b4f6cb344d3f6cf754f7e7e68fa402801e493639a49a6a964c04f719fc3899e15e699a5c4e1eb39a4229fa774ce898971c65b91701dc5ddbeb24c219dfd65087bb323927be732117008371ad78a7ba7d7251df1f528dee0707123542b813b5a65bfd48f142d6cf12a12ddeed53b5837f92604b700a6fd426310618e39e7ba5c141d13660d69bd1186dc8669ec01178d5bda99f180f986ea67fe13358065c13096ecf0c935600e1da001321c448d470c78216da09a90e33f55ed4f7e4254920bee98f784b401301ba52646e9eb39d301d5d89dae711f0f76a8a1898389cccb21e5551b9f4c4a2e0192e2254cd2f7a84eb29fadca30456939d2bde12ba341496633f5da802474fea09286f1de922cc091b14fd23d0f349f188cbad2492b2b808467640553f4a7924921a401b9eec6797f842e2ead6be2924a5009a5d99c7c1110709a4920016912c499542422341a0d3b704925560240e190fca269a0a264966c07bc7403f29ef1ddd5eb7a4920017459669fa79d12493b2019dc53070df4a75a4920069b48c13868d0552490035c0654a84803c024920067ce7427f1af62773704924008c2274f5408434e1879d124909b00ba3c3d6134dd0689248bb01fa1c4734dd1e53a24922ec04f8024126b04bafd78264909b00c018ee4320392492a402bccf5fe1324922c07ffd9	f	8	\N
\.


--
-- Data for Name: inexam; Type: TABLE DATA; Schema: public; Owner: bmnpnjnrkaiuom
--

COPY "public"."inexam" ("examid", "taskid", "taskno") FROM stdin;
398	367	1
398	369	2
\.


--
-- Data for Name: participating; Type: TABLE DATA; Schema: public; Owner: bmnpnjnrkaiuom
--

COPY "public"."participating" ("examid", "userid") FROM stdin;
398	9
398	10
398	11
398	12
\.


--
-- Data for Name: score; Type: TABLE DATA; Schema: public; Owner: bmnpnjnrkaiuom
--

COPY "public"."score" ("scoreid", "answer", "averagetime", "score", "userid", "examid", "taskid") FROM stdin;
399	\\x696d706f7274206a6176612e696f2e4275666665726564496e70757453747265616d3b0d0a696d706f7274206a6176612e696f2e42756666657265645265616465723b0d0a696d706f7274206a6176612e696f2e494f457863657074696f6e3b0d0a696d706f7274206a6176612e696f2e496e70757453747265616d5265616465723b0d0a696d706f7274206a6176612e6e696f2e66696c652e46696c65733b0d0a696d706f7274206a6176612e6e696f2e66696c652e50617468733b0d0a0d0a7075626c696320636c6173732054657374327b0d0a097075626c69632073746174696320766f6964206d61696e28537472696e675b5d206172677329207b0d0a09094275666665726564526561646572206973723b0d0a0909747279207b0d0a0909092f2f697372203d206e6577204275666665726564496e70757453747265616d2846696c65732e6e6577496e70757453747265616d2850617468732e67657428617267735b305d2929293b0d0a090909697372203d206e6577204275666665726564526561646572286e657720496e70757453747265616d5265616465722853797374656d2e696e29293b0d0a090909537472696e67206c696e653b0d0a0909097768696c6528286c696e65203d206973722e726561644c696e6528292920213d206e756c6c29207b0d0a0909090953797374656d2e6f75742e7072696e746c6e28224b6f626422293b0d0a0909097d0d0a0920202020202020200d0a09097d2063617463682028494f457863657074696f6e20653129207b0d0a0909092f2f20544f444f204175746f2d67656e65726174656420636174636820626c6f636b0d0a09090965312e7072696e74537461636b547261636528293b0d0a09097d0d0a097d0d0a7d	2147483647	0	9	398	367
400	\\x696d706f7274206a6176612e696f2e4275666665726564496e70757453747265616d3b0d0a696d706f7274206a6176612e696f2e42756666657265645265616465723b0d0a696d706f7274206a6176612e696f2e494f457863657074696f6e3b0d0a696d706f7274206a6176612e696f2e496e70757453747265616d5265616465723b0d0a696d706f7274206a6176612e6e696f2e66696c652e46696c65733b0d0a696d706f7274206a6176612e6e696f2e66696c652e50617468733b0d0a0d0a7075626c696320636c6173732054657374327b0d0a097075626c69632073746174696320766f6964206d61696e28537472696e675b5d206172677329207b0d0a09094275666665726564526561646572206973723b0d0a0909747279207b0d0a0909092f2f697372203d206e6577204275666665726564496e70757453747265616d2846696c65732e6e6577496e70757453747265616d2850617468732e67657428617267735b305d2929293b0d0a090909697372203d206e6577204275666665726564526561646572286e657720496e70757453747265616d5265616465722853797374656d2e696e29293b0d0a090909537472696e67206c696e653b0d0a0909097768696c6528286c696e65203d206973722e726561644c696e6528292920213d206e756c6c29207b0d0a0909090953797374656d2e6f75742e7072696e746c6e28224b6f6222293b0d0a0909097d0d0a0920202020202020200d0a09097d2063617463682028494f457863657074696f6e20653129207b0d0a0909092f2f20544f444f204175746f2d67656e65726174656420636174636820626c6f636b0d0a09090965312e7072696e74537461636b547261636528293b0d0a09097d0d0a097d0d0a7d	1167	2	9	398	369
402	\\x696d706f7274206a6176612e696f2e4275666665726564496e70757453747265616d3b0d0a696d706f7274206a6176612e696f2e42756666657265645265616465723b0d0a696d706f7274206a6176612e696f2e494f457863657074696f6e3b0d0a696d706f7274206a6176612e696f2e496e70757453747265616d5265616465723b0d0a696d706f7274206a6176612e6e696f2e66696c652e46696c65733b0d0a696d706f7274206a6176612e6e696f2e66696c652e50617468733b0d0a0d0a7075626c696320636c6173732054657374327b0d0a097075626c69632073746174696320766f6964206d61696e28537472696e675b5d206172677329207b0d0a09094275666665726564526561646572206973723b0d0a0909747279207b0d0a0909092f2f697372203d206e6577204275666665726564496e70757453747265616d2846696c65732e6e6577496e70757453747265616d2850617468732e67657428617267735b305d2929293b0d0a090909697372203d206e6577204275666665726564526561646572286e657720496e70757453747265616d5265616465722853797374656d2e696e29293b0d0a090909537472696e67206c696e653b0d0a0909097768696c6528286c696e65203d206973722e726561644c696e6528292920213d206e756c6c29207b0d0a0909090953797374656d2e6f75742e7072696e746c6e2822426f6b22293b0d0a0909097d0d0a0920202020202020200d0a09097d2063617463682028494f457863657074696f6e20653129207b0d0a0909092f2f20544f444f204175746f2d67656e65726174656420636174636820626c6f636b0d0a09090965312e7072696e74537461636b547261636528293b0d0a09097d0d0a097d0d0a7d	1092	1	11	398	367
403	\\x696d706f7274206a6176612e696f2e4275666665726564496e70757453747265616d3b0d0a696d706f7274206a6176612e696f2e42756666657265645265616465723b0d0a696d706f7274206a6176612e696f2e494f457863657074696f6e3b0d0a696d706f7274206a6176612e696f2e496e70757453747265616d5265616465723b0d0a696d706f7274206a6176612e6e696f2e66696c652e46696c65733b0d0a696d706f7274206a6176612e6e696f2e66696c652e50617468733b0d0a0d0a7075626c696320636c6173732054657374327b0d0a097075626c69632073746174696320766f6964206d61696e28537472696e675b5d206172677329207b0d0a09094275666665726564526561646572206973723b0d0a0909747279207b0d0a0909092f2f697372203d206e6577204275666665726564496e70757453747265616d2846696c65732e6e6577496e70757453747265616d2850617468732e67657428617267735b305d2929293b0d0a090909697372203d206e6577204275666665726564526561646572286e657720496e70757453747265616d5265616465722853797374656d2e696e29293b0d0a090909537472696e67206c696e653b0d0a0909097768696c6528286c696e65203d206973722e726561644c696e6528292920213d206e756c6c29207b0d0a0909090953797374656d2e6f75742e7072696e746c6e28224b6f6222293b0d0a0909097d0d0a0920202020202020200d0a09097d2063617463682028494f457863657074696f6e20653129207b0d0a0909092f2f20544f444f204175746f2d67656e65726174656420636174636820626c6f636b0d0a09090965312e7072696e74537461636b547261636528293b0d0a09097d0d0a097d0d0a7d	921	2	11	398	369
404	\\x696d706f7274206a6176612e696f2e4275666665726564496e70757453747265616d3b0d0a696d706f7274206a6176612e696f2e42756666657265645265616465723b0d0a696d706f7274206a6176612e696f2e494f457863657074696f6e3b0d0a696d706f7274206a6176612e696f2e496e70757453747265616d5265616465723b0d0a696d706f7274206a6176612e6e696f2e66696c652e46696c65733b0d0a696d706f7274206a6176612e6e696f2e66696c652e50617468733b0d0a0d0a7075626c696320636c6173732054657374327b0d0a097075626c69632073746174696320766f6964206d61696e28537472696e675b5d206172677329207b0d0a09094275666665726564526561646572206973723b0d0a0909747279207b0d0a0909092f2f697372203d206e6577204275666665726564496e70757453747265616d2846696c65732e6e6577496e70757453747265616d2850617468732e67657428617267735b305d2929293b0d0a090909697372203d206e6577204275666665726564526561646572286e657720496e70757453747265616d5265616465722853797374656d2e696e29293b0d0a090909537472696e67206c696e653b0d0a0909097768696c6528286c696e65203d206973722e726561644c696e6528292920213d206e756c6c29207b0d0a0909090953797374656d2e6f75742e7072696e746c6e28224b6f6222293b0d0a0909097d0d0a0920202020202020200d0a09097d2063617463682028494f457863657074696f6e20653129207b0d0a0909092f2f20544f444f204175746f2d67656e65726174656420636174636820626c6f636b0d0a09090965312e7072696e74537461636b547261636528293b0d0a09097d0d0a097d0d0a7d	724	0	12	398	367
405	\\x696d706f7274206a6176612e696f2e4275666665726564496e70757453747265616d3b0d0a696d706f7274206a6176612e696f2e42756666657265645265616465723b0d0a696d706f7274206a6176612e696f2e494f457863657074696f6e3b0d0a696d706f7274206a6176612e696f2e496e70757453747265616d5265616465723b0d0a696d706f7274206a6176612e6e696f2e66696c652e46696c65733b0d0a696d706f7274206a6176612e6e696f2e66696c652e50617468733b0d0a0d0a7075626c696320636c6173732054657374327b0d0a097075626c69632073746174696320766f6964206d61696e28537472696e675b5d206172677329207b0d0a09094275666665726564526561646572206973723b0d0a0909747279207b0d0a0909092f2f697372203d206e6577204275666665726564496e70757453747265616d2846696c65732e6e6577496e70757453747265616d2850617468732e67657428617267735b305d2929293b0d0a090909697372203d206e6577204275666665726564526561646572286e657720496e70757453747265616d5265616465722853797374656d2e696e29293b0d0a090909537472696e67206c696e653b0d0a0909097768696c6528286c696e65203d206973722e726561644c696e6528292920213d206e756c6c29207b0d0a0909090953797374656d2e6f75742e7072696e746c6e28224b6f626422293b0d0a0909097d0d0a0920202020202020200d0a09097d2063617463682028494f457863657074696f6e20653129207b0d0a0909092f2f20544f444f204175746f2d67656e65726174656420636174636820626c6f636b0d0a09090965312e7072696e74537461636b547261636528293b0d0a09097d0d0a097d0d0a7d	970	0	12	398	369
408	\\x696d706f7274206a6176612e696f2e4275666665726564496e70757453747265616d3b0d0a696d706f7274206a6176612e696f2e42756666657265645265616465723b0d0a696d706f7274206a6176612e696f2e494f457863657074696f6e3b0d0a696d706f7274206a6176612e696f2e496e70757453747265616d5265616465723b0d0a696d706f7274206a6176612e6e696f2e66696c652e46696c65733b0d0a696d706f7274206a6176612e6e696f2e66696c652e50617468733b0d0a0d0a7075626c696320636c6173732054657374327b0d0a097075626c69632073746174696320766f6964206d61696e28537472696e675b5d206172677329207b0d0a09094275666665726564526561646572206973723b0d0a0909747279207b0d0a0909092f2f697372203d206e6577204275666665726564496e70757453747265616d2846696c65732e6e6577496e70757453747265616d2850617468732e67657428617267735b305d2929293b0d0a090909697372203d206e6577204275666665726564526561646572286e657720496e70757453747265616d5265616465722853797374656d2e696e29293b0d0a090909537472696e67206c696e653b0d0a0909097768696c6528286c696e65203d206973722e726561644c696e6528292920213d206e756c6c29207b0d0a0909090953797374656d2e6f75742e7072696e746c6e2822426f6b22293b0d0a0909097d0d0a0920202020202020200d0a09097d2063617463682028494f457863657074696f6e20653129207b0d0a0909092f2f20544f444f204175746f2d67656e65726174656420636174636820626c6f636b0d0a09090965312e7072696e74537461636b547261636528293b0d0a09097d0d0a097d0d0a7d	656	1	10	398	367
\.


--
-- Data for Name: task; Type: TABLE DATA; Schema: public; Owner: bmnpnjnrkaiuom
--

COPY "public"."task" ("taskid", "description", "mscore", "privatetask", "timethreshold", "title", "userid") FROM stdin;
367	Čitaj stdin i ispisi 'Bok\\n' za svaku pročitanu liniju.	1	f	5000	Testni zadatak 1	8
369	Za svaku liniju procitanu sa stdin, ispisi "Kob\\n".	2	f	5000	Testni zadatak 2	8
\.


--
-- Data for Name: testcase; Type: TABLE DATA; Schema: public; Owner: bmnpnjnrkaiuom
--

COPY "public"."testcase" ("testid", "input", "output", "taskid") FROM stdin;
368	asdfasdf\nbadfsdaf\nsdafsdaf	Bok\nBok\nBok\n	367
370	dsčklafj lkasdjf askldfj \naslčdkgsad gsd jsadg asdkl	Kob\nKob\n	369
371	adsfasdf\nasdfa	Kob\nKob\n	369
\.


--
-- Data for Name: users; Type: TABLE DATA; Schema: public; Owner: bmnpnjnrkaiuom
--

COPY "public"."users" ("userid", "accounttype", "email", "enabled", "name", "password", "photo", "surname", "username", "verification_code") FROM stdin;
1	2	lovro.glogar@fer.hr	t	Lovro	$2a$12$EOFNxDGH0auz5dnActoKtetMpWUSUxX1Kdm7uDaO1oxbGgPjt6zMK	\N	Glogar	adminlovro	\N
2	2	andrej.lukic@fer.hr	t	Andrej	$2a$12$PqVAeE.o0D6dV2p93E5ND.MlBmVFwWRTI/z6BKYxP0zj4f5U97Kva	\N	Lukic	adminandrejl	\N
3	2	domagoj.mutic@fer.hr	t	Domagoj	$2a$12$6M9BG3/VLrDWes9JnVRuQuZC1XWaZMu8rzIpFpWMnt4hg7ue4R.4O	\N	Mutic	admindomagoj	\N
4	2	andrej.simic@fer.hr	t	Andrej	$2a$12$o1p1gIwrnWgaH1zsNf1RlOAWbQmDippMoYtWXsUjrxd/FCAr77mtm	\N	Simic	adminandrejs	\N
5	2	tin.manojlovic@fer.hr	t	Tin	$2a$12$2bdv11Sq9t84yYVtpAdX1eO5LOXUgIfSx1GLBbAYXsr8dZ1ludMg6	\N	Manojlovic	admintin	\N
6	2	ivan.filipovic@fer.hr	t	Ivan	$2a$12$cTbcUBpGjhUmJFZn952ltOz2SVepJHeU.AhOd0vVe5Cvn8xxe/dnC	\N	Filipovic	adminivan	\N
7	2	antonia.blazevic@fer.hr	t	Antonia	$2a$12$acar0JjisiDKRboDtncO2.CU0ELmyK0ybZCbKrS27vS/saGBpZHE.	\N	Blazevic	adminantonia	\N
8	1	voditelj@gmail.com	t	ImeVoditelja	$2a$12$8LPFyK/34TCI2Rtdv8sL2.q/glSHaUvm5UgTzOnFcl/uW2I52Sxx.	\N	PrezimeVoditelja	voditelj	\N
9	0	natjecatelj1@gmail.com	t	ImeNatjecatelja1	$2a$12$KWz55s3udsEOw/DLBFWdyeBjK9OJdfnOkfMB6g.8fLuG90VlGxREq	\N	PrezimeNatjecatelja1	natjecatelj1	\N
10	0	natjecatelj2@gmail.com	t	ImeNatjecatelja2	$2a$12$KxXcRbFdKnNauCsRv.Ng..SGm9ybUufVDd51BCLgqhf85rWIbHHCS	\N	PrezimeNatjecatelja2	natjecatelj2	\N
11	0	natjecatelj3@gmail.com	t	ImeNatjecatelja3	$2a$12$F3uE4PZkkNYiGBWcPMnHjuk.ziQ0b//eYTiz21qIHw5Cy..eSPVXy	\N	PrezimeNatjecatelja3	natjecatelj3	\N
12	0	natjecatelj4@gmail.com	t	ImeNatjecatelja4	$2a$10$sBiVgyxf0AARYDZmg90GN.kkpjQyVSb7Lx0.T48ujcMzZSv8jv.ku	\N	PrezimeNatjecatelja4	natjecatelj4	\N
\.


--
-- Name: hibernate_sequence; Type: SEQUENCE SET; Schema: public; Owner: bmnpnjnrkaiuom
--

SELECT pg_catalog.setval('"public"."hibernate_sequence"', 408, true);


--
-- Name: users app_user_uk; Type: CONSTRAINT; Schema: public; Owner: bmnpnjnrkaiuom
--

ALTER TABLE ONLY "public"."users"
    ADD CONSTRAINT "app_user_uk" UNIQUE ("username", "email");


--
-- Name: exam exam_pkey; Type: CONSTRAINT; Schema: public; Owner: bmnpnjnrkaiuom
--

ALTER TABLE ONLY "public"."exam"
    ADD CONSTRAINT "exam_pkey" PRIMARY KEY ("examid");


--
-- Name: inexam inexam_pkey; Type: CONSTRAINT; Schema: public; Owner: bmnpnjnrkaiuom
--

ALTER TABLE ONLY "public"."inexam"
    ADD CONSTRAINT "inexam_pkey" PRIMARY KEY ("examid", "taskid");


--
-- Name: participating participating_pkey; Type: CONSTRAINT; Schema: public; Owner: bmnpnjnrkaiuom
--

ALTER TABLE ONLY "public"."participating"
    ADD CONSTRAINT "participating_pkey" PRIMARY KEY ("examid", "userid");


--
-- Name: score score_pkey; Type: CONSTRAINT; Schema: public; Owner: bmnpnjnrkaiuom
--

ALTER TABLE ONLY "public"."score"
    ADD CONSTRAINT "score_pkey" PRIMARY KEY ("scoreid");


--
-- Name: task task_pkey; Type: CONSTRAINT; Schema: public; Owner: bmnpnjnrkaiuom
--

ALTER TABLE ONLY "public"."task"
    ADD CONSTRAINT "task_pkey" PRIMARY KEY ("taskid");


--
-- Name: testcase testcase_pkey; Type: CONSTRAINT; Schema: public; Owner: bmnpnjnrkaiuom
--

ALTER TABLE ONLY "public"."testcase"
    ADD CONSTRAINT "testcase_pkey" PRIMARY KEY ("testid");


--
-- Name: users users_email_key; Type: CONSTRAINT; Schema: public; Owner: bmnpnjnrkaiuom
--

ALTER TABLE ONLY "public"."users"
    ADD CONSTRAINT "users_email_key" UNIQUE ("email");


--
-- Name: users users_pkey; Type: CONSTRAINT; Schema: public; Owner: bmnpnjnrkaiuom
--

ALTER TABLE ONLY "public"."users"
    ADD CONSTRAINT "users_pkey" PRIMARY KEY ("userid");


--
-- Name: users users_username_key; Type: CONSTRAINT; Schema: public; Owner: bmnpnjnrkaiuom
--

ALTER TABLE ONLY "public"."users"
    ADD CONSTRAINT "users_username_key" UNIQUE ("username");


--
-- Name: exam exam_userid_fkey; Type: FK CONSTRAINT; Schema: public; Owner: bmnpnjnrkaiuom
--

ALTER TABLE ONLY "public"."exam"
    ADD CONSTRAINT "exam_userid_fkey" FOREIGN KEY ("userid") REFERENCES "public"."users"("userid") ON DELETE CASCADE;


--
-- Name: exam exam_virtualexamid_fkey; Type: FK CONSTRAINT; Schema: public; Owner: bmnpnjnrkaiuom
--

ALTER TABLE ONLY "public"."exam"
    ADD CONSTRAINT "exam_virtualexamid_fkey" FOREIGN KEY ("virtualexamid") REFERENCES "public"."exam"("examid") ON DELETE CASCADE;


--
-- Name: task fk1wb3qpyonwq5jdnia1eu1j8rs; Type: FK CONSTRAINT; Schema: public; Owner: bmnpnjnrkaiuom
--

ALTER TABLE ONLY "public"."task"
    ADD CONSTRAINT "fk1wb3qpyonwq5jdnia1eu1j8rs" FOREIGN KEY ("userid") REFERENCES "public"."users"("userid");


--
-- Name: score fk3fo8hv0yui8skvww7apylb44a; Type: FK CONSTRAINT; Schema: public; Owner: bmnpnjnrkaiuom
--

ALTER TABLE ONLY "public"."score"
    ADD CONSTRAINT "fk3fo8hv0yui8skvww7apylb44a" FOREIGN KEY ("taskid") REFERENCES "public"."task"("taskid");


--
-- Name: exam fk63b70srm88u7ku09drems8cqd; Type: FK CONSTRAINT; Schema: public; Owner: bmnpnjnrkaiuom
--

ALTER TABLE ONLY "public"."exam"
    ADD CONSTRAINT "fk63b70srm88u7ku09drems8cqd" FOREIGN KEY ("userid") REFERENCES "public"."users"("userid");


--
-- Name: inexam fk7oyb8fj3qqubakuvix6r4orl8; Type: FK CONSTRAINT; Schema: public; Owner: bmnpnjnrkaiuom
--

ALTER TABLE ONLY "public"."inexam"
    ADD CONSTRAINT "fk7oyb8fj3qqubakuvix6r4orl8" FOREIGN KEY ("examid") REFERENCES "public"."exam"("examid");


--
-- Name: score fkcw0melc0f4ahevo54ndxhuok3; Type: FK CONSTRAINT; Schema: public; Owner: bmnpnjnrkaiuom
--

ALTER TABLE ONLY "public"."score"
    ADD CONSTRAINT "fkcw0melc0f4ahevo54ndxhuok3" FOREIGN KEY ("examid") REFERENCES "public"."exam"("examid");


--
-- Name: score fkiwerlf8m377wd2w1wnjht7bs1; Type: FK CONSTRAINT; Schema: public; Owner: bmnpnjnrkaiuom
--

ALTER TABLE ONLY "public"."score"
    ADD CONSTRAINT "fkiwerlf8m377wd2w1wnjht7bs1" FOREIGN KEY ("userid") REFERENCES "public"."users"("userid");


--
-- Name: exam fkn24sacsiby7fq3w23qa1l8wky; Type: FK CONSTRAINT; Schema: public; Owner: bmnpnjnrkaiuom
--

ALTER TABLE ONLY "public"."exam"
    ADD CONSTRAINT "fkn24sacsiby7fq3w23qa1l8wky" FOREIGN KEY ("virtualexamid") REFERENCES "public"."exam"("examid");


--
-- Name: inexam fknwrkxs9gdut9lu84k0ko6skma; Type: FK CONSTRAINT; Schema: public; Owner: bmnpnjnrkaiuom
--

ALTER TABLE ONLY "public"."inexam"
    ADD CONSTRAINT "fknwrkxs9gdut9lu84k0ko6skma" FOREIGN KEY ("taskid") REFERENCES "public"."task"("taskid");


--
-- Name: participating fkt53nv6xxyqk7qsoxg8ttbg9st; Type: FK CONSTRAINT; Schema: public; Owner: bmnpnjnrkaiuom
--

ALTER TABLE ONLY "public"."participating"
    ADD CONSTRAINT "fkt53nv6xxyqk7qsoxg8ttbg9st" FOREIGN KEY ("examid") REFERENCES "public"."exam"("examid");


--
-- Name: testcase fktel8mwrbshdqeilyfodqvqipn; Type: FK CONSTRAINT; Schema: public; Owner: bmnpnjnrkaiuom
--

ALTER TABLE ONLY "public"."testcase"
    ADD CONSTRAINT "fktel8mwrbshdqeilyfodqvqipn" FOREIGN KEY ("taskid") REFERENCES "public"."task"("taskid");


--
-- Name: participating fktgcfbma15fo8li2wfslwqje3i; Type: FK CONSTRAINT; Schema: public; Owner: bmnpnjnrkaiuom
--

ALTER TABLE ONLY "public"."participating"
    ADD CONSTRAINT "fktgcfbma15fo8li2wfslwqje3i" FOREIGN KEY ("userid") REFERENCES "public"."users"("userid");


--
-- Name: inexam inexam_examid_fkey; Type: FK CONSTRAINT; Schema: public; Owner: bmnpnjnrkaiuom
--

ALTER TABLE ONLY "public"."inexam"
    ADD CONSTRAINT "inexam_examid_fkey" FOREIGN KEY ("examid") REFERENCES "public"."exam"("examid") ON DELETE CASCADE;


--
-- Name: inexam inexam_taskid_fkey; Type: FK CONSTRAINT; Schema: public; Owner: bmnpnjnrkaiuom
--

ALTER TABLE ONLY "public"."inexam"
    ADD CONSTRAINT "inexam_taskid_fkey" FOREIGN KEY ("taskid") REFERENCES "public"."task"("taskid") ON DELETE CASCADE;


--
-- Name: participating participating_examid_fkey; Type: FK CONSTRAINT; Schema: public; Owner: bmnpnjnrkaiuom
--

ALTER TABLE ONLY "public"."participating"
    ADD CONSTRAINT "participating_examid_fkey" FOREIGN KEY ("examid") REFERENCES "public"."exam"("examid") ON DELETE CASCADE;


--
-- Name: participating participating_userid_fkey; Type: FK CONSTRAINT; Schema: public; Owner: bmnpnjnrkaiuom
--

ALTER TABLE ONLY "public"."participating"
    ADD CONSTRAINT "participating_userid_fkey" FOREIGN KEY ("userid") REFERENCES "public"."users"("userid") ON DELETE CASCADE;


--
-- Name: score score_examid_fkey; Type: FK CONSTRAINT; Schema: public; Owner: bmnpnjnrkaiuom
--

ALTER TABLE ONLY "public"."score"
    ADD CONSTRAINT "score_examid_fkey" FOREIGN KEY ("examid") REFERENCES "public"."exam"("examid") ON DELETE CASCADE;


--
-- Name: score score_taskid_fkey; Type: FK CONSTRAINT; Schema: public; Owner: bmnpnjnrkaiuom
--

ALTER TABLE ONLY "public"."score"
    ADD CONSTRAINT "score_taskid_fkey" FOREIGN KEY ("taskid") REFERENCES "public"."task"("taskid") ON DELETE CASCADE;


--
-- Name: score score_userid_fkey; Type: FK CONSTRAINT; Schema: public; Owner: bmnpnjnrkaiuom
--

ALTER TABLE ONLY "public"."score"
    ADD CONSTRAINT "score_userid_fkey" FOREIGN KEY ("userid") REFERENCES "public"."users"("userid") ON DELETE CASCADE;


--
-- Name: task task_userid_fkey; Type: FK CONSTRAINT; Schema: public; Owner: bmnpnjnrkaiuom
--

ALTER TABLE ONLY "public"."task"
    ADD CONSTRAINT "task_userid_fkey" FOREIGN KEY ("userid") REFERENCES "public"."users"("userid") ON DELETE CASCADE;


--
-- Name: testcase testcase_taskid_fkey; Type: FK CONSTRAINT; Schema: public; Owner: bmnpnjnrkaiuom
--

ALTER TABLE ONLY "public"."testcase"
    ADD CONSTRAINT "testcase_taskid_fkey" FOREIGN KEY ("taskid") REFERENCES "public"."task"("taskid") ON DELETE CASCADE;


--
-- PostgreSQL database dump complete
--

